Workbook

Sheet Task List
A1: YTL x MYSGH2 - Ammonia 4-Stroke Gas Engine Study - Task List (master data)
A2: Edit tasks here - the 'Gantt Chart' tab reads every field from this sheet via formulas, so changes to dates, workstream, type or owner update the Gantt bars and colors automatically.
A4: ID | B4: Task | C4: Workstream | D4: Type | E4: Owner | F4: Start | G4: Finish | H4: Duration (working days) | I4: Predecessor(s)
A5: P1 | B5: Finalize OEM shortlist & confirm with MISC | C5: Governance | D5: Task | E5: MYSGH2/MISC | F5: 46251 | G5: 46252 | H5: =NETWORKDAYS(F5,G5) -> 2 | I5: -
A6: P2 | B6: Draft kickoff agenda & study charter | C6: Governance | D6: Task | E6: MYSGH2 | F6: 46251 | G6: 46253 | H6: =NETWORKDAYS(F6,G6) -> 3 | I6: -
A7: P3 | B7: Align data/evidence requirements to hand to MISC | C7: OEM Engagement (MISC-led) | D7: Task | E7: MYSGH2 | F7: 46252 | G7: 46254 | H7: =NETWORKDAYS(F7,G7) -> 3 | I7: P1
A8: P4 | B8: Confirm NDA status per OEM (via MISC) | C8: OEM Engagement (MISC-led) | D8: Task | E8: MISC | F8: 46253 | G8: 46255 | H8: =NETWORKDAYS(F8,G8) -> 3 | I8: P1
A9: P5 | B9: Internal YTL / MYSGH2 / MISC alignment call | C9: Governance | D9: Milestone | E9: Both | F9: 46255 | G9: 46255 | H9: =NETWORKDAYS(F9,G9) -> 1 | I9: P2, P3, P4
A10: M1 | B10: KICKOFF MEETING | C10: Governance | D10: Milestone | E10: Both | F10: 46259 | G10: 46259 | H10: =NETWORKDAYS(F10,G10) -> 1 | I10: P5
A11: W1.1 | B11: Agree Technology Risk Assessment framework skeleton | C11: Technology Risk Assessment | D11: Task | E11: MYSGH2 | F11: 46260 | G11: 46261 | H11: =NETWORKDAYS(F11,G11) -> 2 | I11: M1
A12: W1.2 | B12: Finalize workstream owners & roles | C12: Governance | D12: Task | E12: Both | F12: 46265 | G12: 46265 | H12: =NETWORKDAYS(F12,G12) -> 1 | I12: M1
A13: OEM1 | B13: OEM ENGAGEMENT & DATA COLLECTION (led by MISC) | C13: OEM Engagement (MISC-led) | D13: Task | E13: MISC | F13: 46265 | G13: 46281 | H13: =NETWORKDAYS(F13,G13) -> 13 | I13: M1, P4
A14: W2.1 | B14: Build Technology Risk Assessment framework v1 (maturity TRL/CRI scale + carbon-emission methodology) | C14: Technology Risk Assessment | D14: Task | E14: MYSGH2 | F14: 46266 | G14: 46272 | H14: =NETWORKDAYS(F14,G14) -> 5 | I14: W1.1
A15: W2.2 | B15: Weekly status check-in (Wk2) | C15: Governance | D15: Milestone | E15: Both | F15: 46269 | G15: 46269 | H15: =NETWORKDAYS(F15,G15) -> 1 | I15: OEM1
A16: W3.1 | B16: Populate Technology Risk Assessment scorecard (maturity + carbon, per OEM) | C16: Technology Risk Assessment | D16: Task | E16: MYSGH2 | F16: 46273 | G16: 46276 | H16: =NETWORKDAYS(F16,G16) -> 4 | I16: W2.1, OEM1
... A24: F2 | B24: FINAL REPORT & CLOSE-OUT SESSION | C24: Governance | D24: Milestone | E24: Both | F24: 46287 | G24: 46287 | H24: =NETWORKDAYS(F24,G24) -> 1 | I24: F1

Sheet Gantt Chart
A1: YTL x MYSGH2 - Ammonia 4-Stroke Gas Engine Study - Gantt Chart
A2: Kickoff: Tue 25 Aug 2026 | Finish: Tue 22 Sep 2026 | Linked live to the 'Task List' tab - edit tasks there, this chart (incl. bar colors) updates automatically
A4: ID | B4: Task | C4: Workstream | D4: Type | E4: Owner | F4: Start | G4: Finish | H4: Duration (working days) | I4: 46251 | J4: 46252 | K4: 46253 | L4: 46254 | M4: 46255 | N4: 46258 | O4: 46259 | P4: 46260 | Q4: 46261 | R4: 46262 | S4: 46265 | T4: 46266 | U4: 46267 | V4: 46268 | W4: 46269 | X4: 46272 | Y4: 46273 | Z4: 46274 | AA4: 46275 | AB4: 46276 | AC4: 46279 | AD4: 46280 | AE4: 46281 | AF4: 46282 | AG4: 46283 | AH4: 46286 | AI4: 46287
A5: ='Task List'!A5 -> P1 | B5: ='Task List'!B5 -> Finalize OEM shortlist & confirm with MISC | C5: ='Task List'!C5 -> Governance | D5: ='Task List'!D5 -> Task | E5: ='Task List'!E5 -> MYSGH2/MISC | F5: ='Task List'!F5 -> 46251 | G5: ='Task List'!G5 -> 46252 | H5: ='Task List'!H5 -> 2
A6: ='Task List'!A6 -> P2 | B6: ='Task List'!B6 -> Draft kickoff agenda & study charter | C6: ='Task List'!C6 -> Governance | D6: ='Task List'!D6 -> Task | E6: ='Task List'!E6 -> MYSGH2 | F6: ='Task List'!F6 -> 46251 | G6: ='Task List'!G6 -> 46253 | H6: ='Task List'!H6 -> 3
A7: ='Task List'!A7 -> P3 | B7: ='Task List'!B7 -> Align data/evidence requirements to hand to MISC | C7: ='Task List'!C7 -> OEM Engagement (MISC-led) | D7: ='Task List'!D7 -> Task | E7: ='Task List'!E7 -> MYSGH2 | F7: ='Task List'!F7 -> 46252 | G7: ='Task List'!G7 -> 46254 | H7: ='Task List'!H7 -> 3
A8: ='Task List'!A8 -> P4 | B8: ='Task List'!B8 -> Confirm NDA status per OEM (via MISC) | C8: ='Task List'!C8 -> OEM Engagement (MISC-led) | D8: ='Task List'!D8 -> Task | E8: ='Task List'!E8 -> MISC | F8: ='Task List'!F8 -> 46253 | G8: ='Task List'!G8 -> 46255 | H8: ='Task List'!H8 -> 3
A9: ='Task List'!A9 -> P5 | B9: ='Task List'!B9 -> Internal YTL / MYSGH2 / MISC alignment call | C9: ='Task List'!C9 -> Governance | D9: ='Task List'!D9 -> Milestone | E9: ='Task List'!E9 -> Both | F9: ='Task List'!F9 -> 46255 | G9: ='Task List'!G9 -> 46255 | H9: ='Task List'!H9 -> 1
A10: ='Task List'!A10 -> M1 | B10: ='Task List'!B10 -> KICKOFF MEETING | C10: ='Task List'!C10 -> Governance | D10: ='Task List'!D10 -> Milestone | E10: ='Task List'!E10 -> Both | F10: ='Task List'!F10 -> 46259 | G10: ='Task List'!G10 -> 46259 | H10: ='Task List'!H10 -> 1
A11: ='Task List'!A11 -> W1.1 | B11: ='Task List'!B11 -> Agree Technology Risk Assessment framework skeleton | C11: ='Task List'!C11 -> Technology Risk Assessment | D11: ='Task List'!D11 -> Task | E11: ='Task List'!E11 -> MYSGH2 | F11: ='Task List'!F11 -> 46260 | G11: ='Task List'!G11 -> 46261 | H11: ='Task List'!H11 -> 2
A12: ='Task List'!A12 -> W1.2 | B12: ='Task List'!B12 -> Finalize workstream owners & roles | C12: ='Task List'!C12 -> Governance | D12: ='Task List'!D12 -> Task | E12: ='Task List'!E12 -> Both | F12: ='Task List'!F12 -> 46265 | G12: ='Task List'!G12 -> 46265 | H12: ='Task List'!H12 -> 1
A13: ='Task List'!A13 -> OEM1 | B13: ='Task List'!B13 -> OEM ENGAGEMENT & DATA COLLECTION (led by MISC) | C13: ='Task List'!C13 -> OEM Engagement (MISC-led) | D13: ='Task List'!D13 -> Task | E13: ='Task List'!E13 -> MISC | F13: ='Task List'!F13 -> 46265 | G13: ='Task List'!G13 -> 46281 | H13: ='Task List'!H13 -> 13
A14: ='Task List'!A14 -> W2.1 | B14: ='Task List'!B14 -> Build Technology Risk Assessment framework v1 (maturity TRL/CRI scale + carbon-emission methodology) | C14: ='Task List'!C14 -> Technology Risk Assessment | D14: ='Task List'!D14 -> Task | E14: ='Task List'!E14 -> MYSGH2 | F14: ='Task List'!F14 -> 46266 | G14: ='Task List'!G14 -> 46272 | H14: ='Task List'!H14 -> 5
A15: ='Task List'!A15 -> W2.2 | B15: ='Task List'!B15 -> Weekly status check-in (Wk2) | C15: ='Task List'!C15 -> Governance | D15: ='Task List'!D15 -> Milestone | E15: ='Task List'!E15 -> Both | F15: ='Task List'!F15 -> 46269 | G15: ='Task List'!G15 -> 46269 | H15: ='Task List'!H15 -> 1
A16: ='Task List'!A16 -> W3.1 | B16: ='Task List'!B16 -> Populate Technology Risk Assessment scorecard (maturity + carbon, per OEM) | C16: ='Task List'!C16 -> Technology Risk Assessment | D16: ='Task List'!D16 -> Task | E16: ='Task List'!E16 -> MYSGH2 | F16: ='Task List'!F16 -> 46273 | G16: ='Task List'!G16 -> 46276 | H16: ='Task List'!H16 -> 4
... A24: ='Task List'!A24 -> F2 | B24: ='Task List'!B24 -> FINAL REPORT & CLOSE-OUT SESSION | C24: ='Task List'!C24 -> Governance | D24: ='Task List'!D24 -> Milestone | E24: ='Task List'!E24 -> Both | F24: ='Task List'!F24 -> 46287 | G24: ='Task List'!G24 -> 46287 | H24: ='Task List'!H24 -> 1

Sheet Legend
A1: Legend
B3: Workstream / Type | C3: Description
B4: Milestone | C4: Gold diamond marker - a decision point, checkpoint, or deliverable hand-off (single day, zero-duration in effect)
B5: Governance | C5: Kickoff, status check-ins, internal YTL/MYSGH2/MISC alignment and sign-off
B6: OEM Engagement (MISC-led) | C6: MISC (parent-company partner with existing OEM contacts) owns all direct OEM engagement - one continuous item covering introductions, data collection, follow-ups and Q&A, rather than separate MYSGH2-run RFI/discussion rounds
B7: Technology Risk Assessment | C7: Merged maturity (TRL/CRI-style scale) + carbon-emission methodology (incl. N2O/GWP273, NOx, NH3 slip) assessment and per-OEM scorecard
B8: Contract | C8: Performance-contract framework: availability, heat-rate/efficiency, emissions guarantees, LDs, warranty
B9: Risk | C9: Risk & derisking framework: fuel-supply, safety/toxicity, regulatory, counterparty risk (technology risk lives in Technology Risk Assessment above)
B10: Reporting | C10: Findings consolidation, draft and final report production
A13: Notes
A14: - The 'Gantt Chart' tab is fully formula-linked to 'Task List': every column (Task, Workstream, Type, Owner, Start, Finish, Duration) is a direct cell reference, and the bar colors are Conditional Formatting rules keyed off those same linked cells - so editing a row in Task List (incl. dragging dates) updates the chart and its colors automatically. Do not type directly into the Gantt Chart tab's task columns; edit Task List instead.
A15: - Working days only (Mon-Fri); weekends are compressed out of the day-column grid.
A16: - Duration column uses =NETWORKDAYS(Start,Finish).
A17: - OEM engagement is run by MISC (our partner company under the parent group, which holds the OEM relationships) as ONE continuous item/timeline - not broken into MYSGH2-run RFI or discussion-round sub-tasks.
A18: - Maturity and carbon-emission assessment are merged into a single 'Technology Risk Assessment' workstream.
A19: - This is a proposed schedule (per CLAUDE.md No-Fabrication Rule: a plan, not a sourced technical claim). The OEM Engagement item's dates are MYSGH2's planning assumption for when MISC's outreach needs to complete to feed the Technology Risk Assessment - confirm actual cadence with MISC.
A20: - Source: MYSGH2 project, drafted 2026-08-14, revised 2026-08-14 (OEM engagement routed through MISC; maturity+carbon merged into Technology Risk Assessment; Task List linked live to Gantt Chart).
